time,temperature_2m (°C),relative_humidity_2m (%),dew_point_2m (°C),rain (mm),precipitation (mm),apparent_temperature (°C)
2025-05-01T00:00,27.7,86,25.0,0.00,0.00,34.1
2025-05-01T01:00,27.3,88,25.1,0.00,0.00,33.8
2025-05-01T02:00,27.1,88,24.9,0.00,0.00,33.3
2025-05-01T03:00,26.7,89,24.8,0.00,0.00,32.9
2025-05-01T04:00,26.3,92,24.9,0.00,0.00,32.6
2025-05-01T05:00,26.1,94,25.0,0.00,0.00,32.5
2025-05-01T06:00,27.3,89,25.4,0.00,0.00,33.9
2025-05-01T07:00,28.2,86,25.5,0.00,0.00,34.9
2025-05-01T08:00,29.9,76,25.3,0.00,0.00,36.5
2025-05-01T09:00,31.6,67,24.8,0.00,0.00,37.7
2025-05-01T10:00,32.9,62,24.8,0.00,0.00,39.5
2025-05-01T11:00,33.2,63,25.2,0.00,0.00,40.3
2025-05-01T12:00,33.3,60,24.6,0.00,0.00,40.0
2025-05-01T13:00,33.5,57,23.8,0.00,0.00,39.6
2025-05-01T14:00,33.4,55,23.1,0.00,0.00,39.2
2025-05-01T15:00,33.4,55,23.0,0.00,0.00,38.4
2025-05-01T16:00,32.6,59,23.5,0.00,0.00,36.2
2025-05-01T17:00,31.6,61,23.3,0.00,0.00,34.6
2025-05-01T18:00,30.3,71,24.4,0.00,0.00,34.1
2025-05-01T19:00,29.6,78,25.4,0.00,0.00,34.9
2025-05-01T20:00,29.4,77,25.0,0.00,0.00,35.0
2025-05-01T21:00,29.2,77,24.9,0.00,0.00,35.1
2025-05-01T22:00,28.7,80,24.9,0.00,0.00,35.1
2025-05-01T23:00,28.3,80,24.6,0.00,0.00,34.6
2025-05-02T00:00,27.8,83,24.6,0.00,0.00,34.0
2025-05-02T01:00,27.4,84,24.6,0.00,0.00,33.7
2025-05-02T02:00,27.1,87,24.7,0.00,0.00,33.4
2025-05-02T03:00,26.5,91,25.0,0.00,0.00,33.0
2025-05-02T04:00,26.2,93,24.9,0.00,0.00,32.8
2025-05-02T05:00,26.1,93,24.9,0.00,0.00,32.8
2025-05-02T06:00,26.9,81,23.5,0.00,0.00,32.5
2025-05-02T07:00,28.5,72,23.0,0.00,0.00,33.6
2025-05-02T08:00,30.3,66,23.4,0.00,0.00,35.5
2025-05-02T09:00,31.8,62,23.6,0.00,0.00,37.0
2025-05-02T10:00,33.0,59,23.9,0.00,0.00,39.1
2025-05-02T11:00,33.7,56,23.7,0.00,0.00,40.2
2025-05-02T12:00,34.3,50,22.4,0.00,0.00,40.0
2025-05-02T13:00,34.6,43,20.3,0.00,0.00,39.0
2025-05-02T14:00,34.1,45,20.4,0.00,0.00,38.0
2025-05-02T15:00,33.5,48,20.9,0.00,0.00,37.2
2025-05-02T16:00,33.1,48,20.5,0.00,0.00,35.6
2025-05-02T17:00,32.0,54,21.4,0.00,0.00,34.8
2025-05-02T18:00,30.6,62,22.4,0.00,0.00,34.0
2025-05-02T19:00,29.6,72,24.1,0.00,0.00,34.0
2025-05-02T20:00,29.3,74,24.2,0.00,0.00,33.6
2025-05-02T21:00,29.3,71,23.5,0.00,0.00,33.2
2025-05-02T22:00,29.2,70,23.2,0.00,0.00,33.7
2025-05-02T23:00,28.9,72,23.4,0.00,0.00,33.4
2025-05-03T00:00,28.5,76,23.8,0.00,0.00,33.8
2025-05-03T01:00,27.8,78,23.5,0.00,0.00,33.0
2025-05-03T02:00,27.3,77,23.0,0.00,0.00,32.5
2025-05-03T03:00,26.8,78,22.7,0.00,0.00,31.7
2025-05-03T04:00,26.4,78,22.3,0.00,0.00,30.9
2025-05-03T05:00,25.8,80,22.0,0.00,0.00,30.3
2025-05-03T06:00,27.0,76,22.5,0.00,0.00,31.9
2025-05-03T07:00,28.6,68,22.1,0.00,0.00,33.2
2025-05-03T08:00,30.4,66,23.3,0.00,0.00,35.4
2025-05-03T09:00,31.8,60,23.2,0.00,0.00,36.3
2025-05-03T10:00,32.7,58,23.4,0.00,0.00,38.1
2025-05-03T11:00,33.2,57,23.6,0.00,0.00,39.2
2025-05-03T12:00,33.3,56,23.3,0.00,0.00,39.3
2025-05-03T13:00,33.3,54,22.8,0.00,0.00,38.8
2025-05-03T14:00,33.2,55,23.0,0.00,0.00,38.2
2025-05-03T15:00,32.9,55,22.6,0.00,0.00,37.1
2025-05-03T16:00,32.2,56,22.3,0.00,0.00,35.3
2025-05-03T17:00,31.6,58,22.4,0.00,0.00,34.7
2025-05-03T18:00,30.1,69,23.9,0.00,0.00,34.3
2025-05-03T19:00,29.5,72,24.0,0.00,0.00,34.0
2025-05-03T20:00,29.2,74,24.1,0.00,0.00,34.0
2025-05-03T21:00,29.0,74,24.0,0.00,0.00,33.8
2025-05-03T22:00,28.8,76,24.0,0.00,0.00,33.8
2025-05-03T23:00,28.5,76,24.0,0.00,0.00,33.8
2025-05-04T00:00,28.1,79,24.0,0.00,0.00,33.6
2025-05-04T01:00,27.6,81,23.9,0.00,0.00,33.1
2025-05-04T02:00,27.2,82,23.8,0.00,0.00,32.8
2025-05-04T03:00,27.3,80,23.6,0.00,0.00,32.4
2025-05-04T04:00,27.0,81,23.5,0.00,0.00,32.2
2025-05-04T05:00,26.8,82,23.5,0.00,0.00,32.1
2025-05-04T06:00,28.1,79,24.1,0.00,0.00,33.5
2025-05-04T07:00,29.1,73,23.8,0.00,0.00,34.1
2025-05-04T08:00,30.5,66,23.4,0.00,0.00,34.9
2025-05-04T09:00,31.5,61,23.0,0.00,0.00,35.7
2025-05-04T10:00,32.2,58,22.9,0.00,0.00,36.9
2025-05-04T11:00,32.7,57,22.9,0.00,0.00,38.0
2025-05-04T12:00,32.9,54,22.5,0.00,0.00,38.0
2025-05-04T13:00,33.0,55,22.7,0.00,0.00,38.3
2025-05-04T14:00,32.8,56,22.9,0.00,0.00,37.8
2025-05-04T15:00,32.8,56,22.8,0.00,0.00,37.9
2025-05-04T16:00,32.4,57,22.8,0.00,0.00,36.5
2025-05-04T17:00,31.6,59,22.5,0.00,0.00,34.6
2025-05-04T18:00,30.7,65,23.3,0.00,0.00,34.6
2025-05-04T19:00,30.2,67,23.5,0.00,0.00,34.3
2025-05-04T20:00,29.6,72,23.9,0.00,0.00,34.3
2025-05-04T21:00,29.5,72,23.9,0.00,0.00,34.5
2025-05-04T22:00,29.4,73,24.0,0.00,0.00,34.8
2025-05-04T23:00,29.2,74,24.0,0.00,0.00,34.5
2025-05-05T00:00,28.9,76,24.2,0.00,0.00,34.3
2025-05-05T01:00,28.6,78,24.3,0.00,0.00,34.4
2025-05-05T02:00,28.4,79,24.4,0.00,0.00,34.2
2025-05-05T03:00,28.2,79,24.3,0.00,0.00,33.9
2025-05-05T04:00,28.0,80,24.3,0.00,0.00,33.9
2025-05-05T05:00,27.9,80,24.2,0.00,0.00,33.6
2025-05-05T06:00,28.0,83,24.9,0.00,0.00,34.1
2025-05-05T07:00,28.9,80,25.1,0.00,0.00,35.3
2025-05-05T08:00,30.3,71,24.5,0.00,0.00,36.0
2025-05-05T09:00,31.7,63,23.9,0.00,0.00,37.1
2025-05-05T10:00,32.9,57,23.4,0.00,0.00,38.5
2025-05-05T11:00,33.2,57,23.7,0.00,0.00,39.2
2025-05-05T12:00,33.4,57,23.7,0.00,0.00,39.4
2025-05-05T13:00,33.0,56,23.2,0.00,0.00,38.7
2025-05-05T14:00,33.2,57,23.5,0.00,0.00,39.6
2025-05-05T15:00,33.6,53,22.8,0.00,0.00,38.6
2025-05-05T16:00,32.4,60,23.7,0.00,0.00,36.4
2025-05-05T17:00,31.2,65,23.9,0.00,0.00,35.1
2025-05-05T18:00,29.9,71,24.0,0.00,0.00,33.9
2025-05-05T19:00,29.3,77,24.8,0.00,0.00,34.1
2025-05-05T20:00,29.5,75,24.6,0.00,0.00,34.2
2025-05-05T21:00,29.4,75,24.6,0.00,0.00,34.7
2025-05-05T22:00,29.2,76,24.5,0.00,0.00,34.6
2025-05-05T23:00,29.1,76,24.4,0.00,0.00,34.3
2025-05-06T00:00,28.9,77,24.4,0.00,0.00,34.2
2025-05-06T01:00,28.6,78,24.5,0.00,0.00,34.0
2025-05-06T02:00,28.4,79,24.3,0.00,0.00,33.1
2025-05-06T03:00,23.4,88,21.3,0.60,0.60,26.9
2025-05-06T04:00,23.8,85,21.1,0.00,0.00,27.4
2025-05-06T05:00,24.2,85,21.6,0.00,0.00,27.8
2025-05-06T06:00,28.2,79,24.2,0.00,0.00,34.3
2025-05-06T07:00,29.2,73,23.9,0.00,0.00,34.8
2025-05-06T08:00,30.6,66,23.6,0.00,0.00,35.8
2025-05-06T09:00,32.0,59,23.0,0.00,0.00,36.5
2025-05-06T10:00,32.6,57,23.0,0.00,0.00,37.5
2025-05-06T11:00,32.8,57,23.3,0.00,0.00,38.2
2025-05-06T12:00,33.0,58,23.5,0.00,0.00,38.7
2025-05-06T13:00,32.8,58,23.5,0.00,0.00,38.7
2025-05-06T14:00,32.9,56,22.9,0.00,0.00,37.9
2025-05-06T15:00,32.6,57,23.1,0.10,0.10,36.8
2025-05-06T16:00,25.1,85,22.4,5.60,5.60,28.8
2025-05-06T17:00,26.1,82,22.7,0.00,0.00,30.9
2025-05-06T18:00,28.5,78,24.4,0.00,0.00,33.4
2025-05-06T19:00,27.9,82,24.6,0.00,0.00,32.7
2025-05-06T20:00,27.7,83,24.5,0.00,0.00,33.2
2025-05-06T21:00,27.8,82,24.3,0.00,0.00,33.3
2025-05-06T22:00,27.8,79,23.9,0.00,0.00,33.1
2025-05-06T23:00,27.6,80,23.8,0.00,0.00,32.8
2025-05-07T00:00,27.6,80,23.9,0.00,0.00,32.7
2025-05-07T01:00,27.7,80,23.9,0.00,0.00,32.4
2025-05-07T02:00,27.7,80,23.9,0.00,0.00,32.4
2025-05-07T03:00,27.8,79,23.8,0.00,0.00,32.7
2025-05-07T04:00,27.6,79,23.7,0.10,0.10,32.5
2025-05-07T05:00,27.4,80,23.7,0.00,0.00,32.4
2025-05-07T06:00,26.2,81,22.6,0.00,0.00,30.6
2025-05-07T07:00,26.9,73,21.7,0.00,0.00,30.7
2025-05-07T08:00,28.6,66,21.6,0.00,0.00,32.6
2025-05-07T09:00,30.2,62,22.1,0.00,0.00,34.1
2025-05-07T10:00,31.4,59,22.3,0.00,0.00,35.9
2025-05-07T11:00,32.4,55,22.3,0.00,0.00,38.0
2025-05-07T12:00,31.1,58,21.8,1.20,1.20,35.3
2025-05-07T13:00,28.3,74,23.2,1.00,1.00,31.8
2025-05-07T14:00,28.1,74,22.9,0.00,0.00,32.4
2025-05-07T15:00,28.6,72,23.0,0.00,0.00,32.7
2025-05-07T16:00,28.5,72,22.8,0.00,0.00,32.3
2025-05-07T17:00,28.6,70,22.7,0.10,0.10,32.2
2025-05-07T18:00,26.8,73,21.7,0.00,0.00,30.1
2025-05-07T19:00,26.9,73,21.8,0.00,0.00,30.4
2025-05-07T20:00,27.0,76,22.4,0.00,0.00,31.1
2025-05-07T21:00,26.8,78,22.7,0.10,0.10,30.8
2025-05-07T22:00,25.5,85,22.8,0.50,0.50,29.4
2025-05-07T23:00,25.8,84,22.9,0.00,0.00,29.6
2025-05-08T00:00,26.1,85,23.3,0.00,0.00,30.4
2025-05-08T01:00,25.1,87,22.8,0.50,0.50,28.8
2025-05-08T02:00,23.8,88,21.7,1.30,1.30,27.1
2025-05-08T03:00,22.8,92,21.5,2.40,2.40,26.3
2025-05-08T04:00,23.3,90,21.6,0.60,0.60,26.0
2025-05-08T05:00,23.8,90,22.0,0.60,0.60,27.3
2025-05-08T06:00,25.6,88,23.4,0.00,0.00,30.9
2025-05-08T07:00,26.0,85,23.3,0.20,0.20,31.1
2025-05-08T08:00,26.7,83,23.5,0.10,0.10,31.7
2025-05-08T09:00,27.2,81,23.7,0.20,0.20,31.5
2025-05-08T10:00,27.4,78,23.2,0.70,0.70,31.9
2025-05-08T11:00,28.5,74,23.4,0.00,0.00,34.2
2025-05-08T12:00,29.3,71,23.6,0.00,0.00,35.7
2025-05-08T13:00,29.5,69,23.3,0.30,0.30,35.3
2025-05-08T14:00,28.5,73,23.2,0.90,0.90,33.5
2025-05-08T15:00,28.7,73,23.3,0.00,0.00,33.8
2025-05-08T16:00,28.7,73,23.4,0.30,0.30,32.9
2025-05-08T17:00,27.5,75,22.7,1.20,1.20,30.8
2025-05-08T18:00,27.5,77,23.2,0.00,0.00,32.1
2025-05-08T19:00,26.9,81,23.4,0.00,0.00,31.7
2025-05-08T20:00,27.2,80,23.5,0.00,0.00,31.7
2025-05-08T21:00,27.4,75,22.6,0.00,0.00,31.1
2025-05-08T22:00,26.8,82,23.5,0.00,0.00,31.1
2025-05-08T23:00,26.6,82,23.3,0.00,0.00,30.9
2025-05-09T00:00,26.3,83,23.1,0.00,0.00,30.4
2025-05-09T01:00,25.8,85,23.1,0.00,0.00,29.8
2025-05-09T02:00,25.4,87,23.1,0.10,0.10,29.6
2025-05-09T03:00,25.5,87,23.2,0.00,0.00,29.8
2025-05-09T04:00,25.4,88,23.2,0.00,0.00,29.7
2025-05-09T05:00,25.1,90,23.4,0.00,0.00,29.4
2025-05-09T06:00,25.7,88,23.5,0.00,0.00,30.9
2025-05-09T07:00,26.7,85,24.0,0.00,0.00,32.1
2025-05-09T08:00,27.7,79,23.8,0.00,0.00,32.7
2025-05-09T09:00,28.3,76,23.6,0.10,0.10,32.7
2025-05-09T10:00,28.4,76,23.7,0.60,0.60,32.7
2025-05-09T11:00,28.5,78,24.4,0.10,0.10,34.1
2025-05-09T12:00,28.3,80,24.5,0.10,0.10,34.1
2025-05-09T13:00,28.2,81,24.6,0.10,0.10,33.8
2025-05-09T14:00,28.3,78,24.1,0.10,0.10,33.0
2025-05-09T15:00,28.1,80,24.3,0.00,0.00,32.7
2025-05-09T16:00,28.0,80,24.2,0.00,0.00,32.8
2025-05-09T17:00,28.4,75,23.6,0.00,0.00,32.7
2025-05-09T18:00,28.6,76,24.0,0.00,0.00,32.7
2025-05-09T19:00,27.6,81,23.9,0.10,0.10,31.7
2025-05-09T20:00,27.5,82,24.1,0.10,0.10,32.3
2025-05-09T21:00,27.2,81,23.7,0.30,0.30,31.9
2025-05-09T22:00,27.0,84,24.0,0.20,0.20,32.3
2025-05-09T23:00,26.2,91,24.6,0.10,0.10,32.5
2025-05-10T00:00,25.9,93,24.6,0.00,0.00,32.2
2025-05-10T01:00,25.6,94,24.6,0.00,0.00,31.9
2025-05-10T02:00,25.4,95,24.5,0.00,0.00,31.4
2025-05-10T03:00,25.0,95,24.1,0.00,0.00,30.3
2025-05-10T04:00,24.7,93,23.5,0.00,0.00,29.6
2025-05-10T05:00,24.7,93,23.5,0.00,0.00,29.5
2025-05-10T06:00,25.7,93,24.4,0.00,0.00,31.1
2025-05-10T07:00,26.6,87,24.3,0.00,0.00,32.1
2025-05-10T08:00,27.9,82,24.5,0.00,0.00,33.5
2025-05-10T09:00,29.2,75,24.3,0.00,0.00,34.5
2025-05-10T10:00,30.2,69,24.0,0.00,0.00,36.1
2025-05-10T11:00,30.6,68,24.1,0.00,0.00,37.3
2025-05-10T12:00,30.9,67,24.0,0.00,0.00,37.7
2025-05-10T13:00,31.0,67,24.0,0.00,0.00,37.5
2025-05-10T14:00,30.9,68,24.3,0.30,0.30,37.0
2025-05-10T15:00,30.4,69,24.0,0.20,0.20,35.5
2025-05-10T16:00,30.2,70,24.0,0.00,0.00,34.9
2025-05-10T17:00,29.9,70,23.9,0.00,0.00,34.5
2025-05-10T18:00,29.5,74,24.4,0.00,0.00,34.8
2025-05-10T19:00,28.7,80,24.9,0.00,0.00,34.7
2025-05-10T20:00,28.4,82,25.1,0.00,0.00,34.6
2025-05-10T21:00,28.1,84,25.1,0.00,0.00,34.4
2025-05-10T22:00,27.9,85,25.1,0.00,0.00,34.3
2025-05-10T23:00,27.5,87,25.2,0.00,0.00,33.9
2025-05-11T00:00,27.3,88,25.2,0.00,0.00,33.9
2025-05-11T01:00,26.8,91,25.2,0.10,0.10,33.4
2025-05-11T02:00,26.4,93,25.2,0.10,0.10,33.0
2025-05-11T03:00,26.1,94,25.1,0.00,0.00,32.5
2025-05-11T04:00,26.1,93,25.0,0.00,0.00,32.4
2025-05-11T05:00,26.0,93,24.9,0.00,0.00,32.2
2025-05-11T06:00,25.9,91,24.2,0.20,0.20,31.8
2025-05-11T07:00,26.6,86,24.2,0.00,0.00,32.3
2025-05-11T08:00,28.1,78,24.0,0.00,0.00,33.6
2025-05-11T09:00,29.8,71,24.0,0.00,0.00,35.3
2025-05-11T10:00,31.4,64,23.7,0.00,0.00,37.7
2025-05-11T11:00,32.3,60,23.5,0.00,0.00,38.9
2025-05-11T12:00,32.6,59,23.5,0.00,0.00,39.3
2025-05-11T13:00,32.4,59,23.4,0.00,0.00,38.5
2025-05-11T14:00,32.1,61,23.7,0.00,0.00,37.8
2025-05-11T15:00,31.5,65,24.0,0.00,0.00,37.1
2025-05-11T16:00,31.0,66,23.9,0.00,0.00,35.5
2025-05-11T17:00,30.4,68,23.9,0.00,0.00,35.3
2025-05-11T18:00,30.5,68,24.0,0.00,0.00,35.3
2025-05-11T19:00,29.7,72,24.2,0.00,0.00,34.9
2025-05-11T20:00,29.6,72,24.0,0.00,0.00,34.9
2025-05-11T21:00,29.4,73,24.1,0.00,0.00,34.8
2025-05-11T22:00,29.2,75,24.2,0.00,0.00,34.9
2025-05-11T23:00,28.9,77,24.4,0.00,0.00,34.8
2025-05-12T00:00,28.5,81,24.8,0.00,0.00,34.8
2025-05-12T01:00,28.3,84,25.2,0.00,0.00,35.0
2025-05-12T02:00,28.0,83,24.9,0.10,0.10,34.4
2025-05-12T03:00,27.9,82,24.5,0.10,0.10,34.0
2025-05-12T04:00,27.5,84,24.6,0.10,0.10,33.4
2025-05-12T05:00,27.2,87,24.8,0.00,0.00,33.5
2025-05-12T06:00,28.1,85,25.2,0.00,0.00,34.6
2025-05-12T07:00,29.2,77,24.7,0.00,0.00,35.2
2025-05-12T08:00,30.6,68,23.9,0.10,0.10,35.9
2025-05-12T09:00,32.0,60,23.3,0.00,0.00,36.8
2025-05-12T10:00,33.2,55,22.9,0.00,0.00,38.3
2025-05-12T11:00,33.7,53,22.9,0.00,0.00,39.1
2025-05-12T12:00,33.7,53,22.7,0.00,0.00,39.2
2025-05-12T13:00,33.4,54,23.0,0.00,0.00,38.3
2025-05-12T14:00,33.1,54,22.4,0.40,0.40,38.1
2025-05-12T15:00,32.9,56,23.0,0.30,0.30,37.4
2025-05-12T16:00,32.4,59,23.4,0.20,0.20,36.3
2025-05-12T17:00,31.2,65,23.8,0.30,0.30,35.8
2025-05-12T18:00,30.5,70,24.3,0.00,0.00,35.2
2025-05-12T19:00,30.0,71,24.1,0.00,0.00,34.9
2025-05-12T20:00,29.8,72,24.2,0.00,0.00,34.8
2025-05-12T21:00,29.6,73,24.3,0.00,0.00,34.9
2025-05-12T22:00,29.4,75,24.5,0.00,0.00,35.1
2025-05-12T23:00,29.1,77,24.6,0.00,0.00,35.1
2025-05-13T00:00,28.9,78,24.7,0.00,0.00,35.2
2025-05-13T01:00,28.6,79,24.7,0.00,0.00,35.0
2025-05-13T02:00,28.4,81,24.9,0.00,0.00,34.7
2025-05-13T03:00,28.2,83,25.1,0.00,0.00,34.7
2025-05-13T04:00,28.0,85,25.3,0.00,0.00,34.6
2025-05-13T05:00,27.8,87,25.4,0.00,0.00,34.5
2025-05-13T06:00,28.8,81,25.2,0.00,0.00,35.3
2025-05-13T07:00,29.8,74,24.7,0.00,0.00,36.1
2025-05-13T08:00,31.0,67,24.1,0.10,0.10,36.9
2025-05-13T09:00,32.2,60,23.5,0.10,0.10,37.5
2025-05-13T10:00,33.3,56,23.2,0.10,0.10,39.0
2025-05-13T11:00,33.9,54,23.4,0.00,0.00,40.1
2025-05-13T12:00,33.4,57,23.8,0.00,0.00,39.4
2025-05-13T13:00,33.3,56,23.3,0.60,0.60,39.4
2025-05-13T14:00,33.1,57,23.4,0.00,0.00,38.5
2025-05-13T15:00,32.7,58,23.3,0.00,0.00,37.7
2025-05-13T16:00,32.4,59,23.3,0.20,0.20,36.2
2025-05-13T17:00,31.3,64,23.6,0.60,0.60,35.3
2025-05-13T18:00,30.5,71,24.6,0.00,0.00,35.5
2025-05-13T19:00,30.1,72,24.5,0.00,0.00,35.5
2025-05-13T20:00,29.9,74,24.7,0.00,0.00,35.6
2025-05-13T21:00,29.8,75,24.9,0.00,0.00,35.7
2025-05-13T22:00,29.7,76,25.0,0.00,0.00,35.6
2025-05-13T23:00,29.6,76,24.9,0.00,0.00,35.4
2025-05-14T00:00,29.4,76,24.8,0.00,0.00,35.2
2025-05-14T01:00,29.2,77,24.8,0.00,0.00,35.2
2025-05-14T02:00,28.8,79,24.9,0.00,0.00,34.8
2025-05-14T03:00,28.2,83,24.9,0.00,0.00,34.2
2025-05-14T04:00,27.6,86,24.9,0.00,0.00,33.6
2025-05-14T05:00,27.4,87,25.0,0.00,0.00,33.6
2025-05-14T06:00,24.8,91,23.3,0.50,0.50,29.6
2025-05-14T07:00,26.0,83,22.9,0.10,0.10,30.9
2025-05-14T08:00,28.4,72,22.8,0.00,0.00,33.2
2025-05-14T09:00,31.0,61,22.5,0.00,0.00,36.1
2025-05-14T10:00,32.3,57,22.6,0.00,0.00,37.6
2025-05-14T11:00,33.1,54,22.6,0.00,0.00,38.9
2025-05-14T12:00,33.4,54,22.9,0.00,0.00,39.3
2025-05-14T13:00,32.8,59,23.7,0.00,0.00,39.2
2025-05-14T14:00,33.0,58,23.6,0.00,0.00,38.8
2025-05-14T15:00,32.5,60,23.7,0.00,0.00,37.6
2025-05-14T16:00,32.0,61,23.6,0.00,0.00,36.2
2025-05-14T17:00,31.2,67,24.4,0.00,0.00,36.0
2025-05-14T18:00,30.7,72,25.0,0.00,0.00,36.1
2025-05-14T19:00,30.1,74,25.0,0.00,0.00,35.6
2025-05-14T20:00,30.0,75,25.1,0.00,0.00,35.8
2025-05-14T21:00,29.8,77,25.4,0.00,0.00,35.9
2025-05-14T22:00,29.6,79,25.6,0.00,0.00,35.8
2025-05-14T23:00,29.4,80,25.6,0.00,0.00,35.7
2025-05-15T00:00,29.2,81,25.6,0.00,0.00,35.5
2025-05-15T01:00,29.0,82,25.5,0.00,0.00,35.3
2025-05-15T02:00,28.7,82,25.4,0.00,0.00,35.0
2025-05-15T03:00,28.6,83,25.5,0.00,0.00,34.9
2025-05-15T04:00,28.3,85,25.5,0.00,0.00,34.7
2025-05-15T05:00,27.9,87,25.5,0.10,0.10,34.2
2025-05-15T06:00,28.4,81,24.8,0.00,0.00,34.8
2025-05-15T07:00,29.3,76,24.6,0.00,0.00,35.7
2025-05-15T08:00,30.7,69,24.3,0.00,0.00,36.7
2025-05-15T09:00,31.7,64,24.2,0.10,0.10,37.4
2025-05-15T10:00,32.7,61,24.2,0.10,0.10,38.6
2025-05-15T11:00,33.3,59,24.3,0.10,0.10,39.7
2025-05-15T12:00,33.1,60,24.2,0.10,0.10,39.2
2025-05-15T13:00,33.0,58,23.6,0.10,0.10,38.7
2025-05-15T14:00,32.9,58,23.6,0.10,0.10,37.4
2025-05-15T15:00,32.3,61,23.8,0.90,0.90,36.8
2025-05-15T16:00,31.8,64,24.2,0.20,0.20,36.3
2025-05-15T17:00,31.5,65,24.1,0.00,0.00,36.3
2025-05-15T18:00,31.2,65,23.9,0.00,0.00,36.0
2025-05-15T19:00,30.6,68,24.1,0.00,0.00,35.7
2025-05-15T20:00,30.4,70,24.2,0.00,0.00,35.9
2025-05-15T21:00,30.3,70,24.2,0.00,0.00,35.9
2025-05-15T22:00,30.1,71,24.2,0.00,0.00,35.9
2025-05-15T23:00,30.0,71,24.2,0.00,0.00,35.9
2025-05-16T00:00,29.8,72,24.2,0.00,0.00,35.5
2025-05-16T01:00,29.7,73,24.2,0.00,0.00,35.2
2025-05-16T02:00,29.5,73,24.2,0.00,0.00,35.0
2025-05-16T03:00,29.4,73,24.1,0.00,0.00,35.0
2025-05-16T04:00,29.2,74,24.1,0.00,0.00,34.9
2025-05-16T05:00,29.0,75,24.2,0.00,0.00,34.9
2025-05-16T06:00,29.7,72,24.0,0.00,0.00,35.0
2025-05-16T07:00,30.5,67,23.7,0.00,0.00,35.3
2025-05-16T08:00,31.3,63,23.5,0.00,0.00,35.9
2025-05-16T09:00,32.1,60,23.4,0.10,0.10,36.6
2025-05-16T10:00,32.8,58,23.5,0.20,0.20,37.7
2025-05-16T11:00,33.4,56,23.5,0.00,0.00,38.7
2025-05-16T12:00,33.9,55,23.5,0.00,0.00,39.8
2025-05-16T13:00,33.6,56,23.5,0.00,0.00,38.7
2025-05-16T14:00,32.9,58,23.5,0.00,0.00,37.7
2025-05-16T15:00,33.0,57,23.4,0.00,0.00,37.5
2025-05-16T16:00,32.1,59,23.0,0.20,0.20,35.9
2025-05-16T17:00,31.5,60,22.9,0.50,0.50,35.6
2025-05-16T18:00,30.8,65,23.3,0.00,0.00,35.2
2025-05-16T19:00,30.4,66,23.3,0.00,0.00,35.0
2025-05-16T20:00,30.4,66,23.3,0.00,0.00,35.0
2025-05-16T21:00,30.4,65,23.2,0.00,0.00,35.1
2025-05-16T22:00,30.3,66,23.3,0.00,0.00,35.2
2025-05-16T23:00,30.2,66,23.3,0.00,0.00,35.2
2025-05-17T00:00,30.0,67,23.3,0.00,0.00,35.0
2025-05-17T01:00,29.8,68,23.3,0.00,0.00,34.8
2025-05-17T02:00,29.5,70,23.5,0.00,0.00,34.5
2025-05-17T03:00,29.1,73,23.7,0.00,0.00,34.1
2025-05-17T04:00,28.8,75,23.9,0.00,0.00,34.0
2025-05-17T05:00,28.7,76,23.9,0.00,0.00,34.0
2025-05-17T06:00,29.4,75,24.4,0.10,0.10,35.1
2025-05-17T07:00,29.5,74,24.5,0.20,0.20,35.2
2025-05-17T08:00,30.2,70,24.1,0.10,0.10,35.8
2025-05-17T09:00,31.6,63,23.7,0.00,0.00,36.4
2025-05-17T10:00,32.4,60,23.6,0.10,0.10,37.0
2025-05-17T11:00,32.2,61,23.9,0.10,0.10,37.5
2025-05-17T12:00,32.3,62,24.2,0.10,0.10,38.1
2025-05-17T13:00,32.5,61,24.1,0.10,0.10,38.4
2025-05-17T14:00,32.5,61,23.9,0.10,0.10,38.1
2025-05-17T15:00,32.6,60,23.9,0.00,0.00,37.3
2025-05-17T16:00,32.1,62,23.9,0.00,0.00,36.4
2025-05-17T17:00,31.6,63,23.8,0.00,0.00,36.0
2025-05-17T18:00,30.9,65,23.4,0.00,0.00,35.0
2025-05-17T19:00,30.5,65,23.3,0.00,0.00,35.1
2025-05-17T20:00,30.5,65,23.1,0.00,0.00,35.3
2025-05-17T21:00,30.5,65,23.1,0.00,0.00,35.3
2025-05-17T22:00,30.4,64,22.9,0.00,0.00,35.2
2025-05-17T23:00,30.3,65,22.9,0.00,0.00,35.0
2025-05-18T00:00,30.0,66,23.1,0.00,0.00,35.0
2025-05-18T01:00,29.8,68,23.3,0.00,0.00,34.9
2025-05-18T02:00,29.5,70,23.4,0.00,0.00,34.7
2025-05-18T03:00,29.3,71,23.4,0.00,0.00,34.7
2025-05-18T04:00,29.0,71,23.3,0.00,0.00,34.5
2025-05-18T05:00,28.8,72,23.3,0.00,0.00,34.3
2025-05-18T06:00,29.5,69,23.2,0.00,0.00,34.9
2025-05-18T07:00,30.0,69,23.7,0.00,0.00,35.4
2025-05-18T08:00,31.3,64,23.5,0.00,0.00,36.5
2025-05-18T09:00,32.5,58,23.1,0.00,0.00,37.2
2025-05-18T10:00,33.6,54,23.0,0.00,0.00,38.6
2025-05-18T11:00,34.4,51,22.8,0.00,0.00,39.9
2025-05-18T12:00,34.5,49,22.3,0.00,0.00,39.6
2025-05-18T13:00,34.4,48,21.6,0.00,0.00,38.9
2025-05-18T14:00,33.8,49,21.7,0.00,0.00,38.0
2025-05-18T15:00,33.6,51,22.0,0.00,0.00,37.1
2025-05-18T16:00,32.8,53,22.1,0.00,0.00,35.6
2025-05-18T17:00,32.2,56,22.2,0.00,0.00,35.7
2025-05-18T18:00,31.1,62,23.0,0.00,0.00,35.1
2025-05-18T19:00,30.6,64,22.9,0.00,0.00,34.8
2025-05-18T20:00,30.5,64,22.8,0.00,0.00,34.8
2025-05-18T21:00,30.4,63,22.5,0.00,0.00,34.8
2025-05-18T22:00,30.3,63,22.6,0.00,0.00,34.9
2025-05-18T23:00,30.1,66,22.9,0.00,0.00,35.1
2025-05-19T00:00,29.8,67,23.1,0.00,0.00,34.9
2025-05-19T01:00,29.5,70,23.4,0.00,0.00,34.8
2025-05-19T02:00,29.2,73,23.8,0.00,0.00,34.8
2025-05-19T03:00,29.0,74,23.9,0.00,0.00,34.6
2025-05-19T04:00,28.8,75,24.0,0.00,0.00,34.6
2025-05-19T05:00,28.5,79,24.5,0.00,0.00,34.7
2025-05-19T06:00,29.0,76,24.3,0.20,0.20,35.0
2025-05-19T07:00,29.4,73,24.1,0.00,0.00,35.1
2025-05-19T08:00,30.1,70,24.0,0.00,0.00,35.8
2025-05-19T09:00,31.2,65,23.8,0.00,0.00,37.0
2025-05-19T10:00,31.9,61,23.5,0.00,0.00,37.1
2025-05-19T11:00,31.9,62,23.7,0.00,0.00,36.9
2025-05-19T12:00,32.3,63,24.3,0.00,0.00,37.4
2025-05-19T13:00,31.8,68,25.1,0.00,0.00,36.8
2025-05-19T14:00,32.2,62,24.1,0.00,0.00,36.3
2025-05-19T15:00,32.5,60,23.6,0.00,0.00,36.3
2025-05-19T16:00,31.9,61,23.5,0.00,0.00,35.3
2025-05-19T17:00,31.5,62,23.4,0.00,0.00,35.5
2025-05-19T18:00,30.7,68,24.0,0.00,0.00,35.2
2025-05-19T19:00,30.2,70,24.1,0.00,0.00,34.9
2025-05-19T20:00,30.2,70,24.2,0.00,0.00,35.2
2025-05-19T21:00,30.1,72,24.4,0.00,0.00,35.4
2025-05-19T22:00,29.9,72,24.4,0.00,0.00,35.3
2025-05-19T23:00,29.7,73,24.5,0.00,0.00,35.1
2025-05-20T00:00,29.6,75,24.6,0.00,0.00,34.9
2025-05-20T01:00,29.4,76,24.6,0.00,0.00,35.1
2025-05-20T02:00,29.1,77,24.8,0.00,0.00,35.1
2025-05-20T03:00,28.9,80,25.1,0.00,0.00,35.4
2025-05-20T04:00,28.8,80,24.9,0.00,0.00,35.0
2025-05-20T05:00,28.8,80,25.0,0.00,0.00,34.9
2025-05-20T06:00,28.4,82,25.1,0.00,0.00,33.3
2025-05-20T07:00,28.5,79,24.4,0.00,0.00,33.7
2025-05-20T08:00,30.1,70,24.1,0.00,0.00,35.6
2025-05-20T09:00,32.2,61,23.8,0.00,0.00,37.5
2025-05-20T10:00,33.8,55,23.4,0.00,0.00,39.0
2025-05-20T11:00,34.5,54,23.8,0.10,0.10,40.3
2025-05-20T12:00,32.6,63,24.7,1.90,1.90,38.3
2025-05-20T13:00,32.3,68,25.6,2.50,2.50,39.1
2025-05-20T14:00,31.0,73,25.6,0.00,0.00,36.5
2025-05-20T15:00,31.5,73,26.0,0.10,0.10,37.7
2025-05-20T16:00,30.5,75,25.6,1.10,1.10,36.0
2025-05-20T17:00,30.2,78,25.9,0.10,0.10,36.0
2025-05-20T18:00,30.6,77,26.1,0.70,0.70,37.0
2025-05-20T19:00,30.1,80,26.4,0.60,0.60,37.1
2025-05-20T20:00,29.8,83,26.5,0.80,0.80,37.3
2025-05-20T21:00,29.5,85,26.8,0.50,0.50,37.0
2025-05-20T22:00,29.2,88,27.0,0.10,0.10,36.8
2025-05-20T23:00,28.9,90,27.0,0.20,0.20,36.5
2025-05-21T00:00,28.7,92,27.3,0.00,0.00,36.4
2025-05-21T01:00,28.5,94,27.4,0.00,0.00,35.9
2025-05-21T02:00,28.1,95,27.2,0.00,0.00,35.6
2025-05-21T03:00,27.8,96,27.1,0.00,0.00,35.4
2025-05-21T04:00,27.7,95,26.9,0.00,0.00,35.0
2025-05-21T05:00,27.5,96,26.7,0.00,0.00,34.9
2025-05-21T06:00,26.7,90,25.0,0.00,0.00,32.9
2025-05-21T07:00,27.6,86,25.1,0.00,0.00,34.2
2025-05-21T08:00,28.4,85,25.5,0.00,0.00,35.1
2025-05-21T09:00,29.4,82,25.9,0.00,0.00,36.0
2025-05-21T10:00,29.4,80,25.7,0.00,0.00,35.8
2025-05-21T11:00,29.8,78,25.5,0.00,0.00,36.2
2025-05-21T12:00,30.7,73,25.2,0.00,0.00,36.7
2025-05-21T13:00,31.5,68,24.9,0.00,0.00,37.5
2025-05-21T14:00,31.5,68,24.8,0.00,0.00,37.3
2025-05-21T15:00,31.7,69,25.2,0.00,0.00,37.4
2025-05-21T16:00,30.7,74,25.6,0.00,0.00,36.5
2025-05-21T17:00,30.5,74,25.3,0.00,0.00,36.3
2025-05-21T18:00,30.0,77,25.6,0.00,0.00,35.8
2025-05-21T19:00,29.5,81,26.0,0.00,0.00,36.0
2025-05-21T20:00,29.5,83,26.3,0.00,0.00,36.3
2025-05-21T21:00,29.5,81,25.9,0.20,0.20,36.1
2025-05-21T22:00,28.1,88,25.8,0.10,0.10,33.8
2025-05-21T23:00,27.5,88,25.3,0.80,0.80,33.0
2025-05-22T00:00,26.7,92,25.3,8.50,8.50,32.7
2025-05-22T01:00,26.8,92,25.5,3.00,3.00,32.8
2025-05-22T02:00,26.7,94,25.6,0.10,0.10,33.1
2025-05-22T03:00,26.5,94,25.4,0.00,0.00,32.5
2025-05-22T04:00,26.1,94,25.0,0.00,0.00,31.7
2025-05-22T05:00,25.9,93,24.8,0.00,0.00,31.9
2025-05-22T06:00,26.7,86,24.1,0.00,0.00,32.3
2025-05-22T07:00,27.5,82,24.1,0.00,0.00,33.2
2025-05-22T08:00,28.7,74,23.6,0.00,0.00,34.0
2025-05-22T09:00,29.7,71,23.9,0.00,0.00,34.7
2025-05-22T10:00,30.8,66,23.7,0.00,0.00,35.9
2025-05-22T11:00,31.9,63,23.9,0.00,0.00,37.9
2025-05-22T12:00,31.6,63,23.7,0.00,0.00,36.4
2025-05-22T13:00,30.7,70,24.7,0.00,0.00,35.7
2025-05-22T14:00,31.2,71,25.2,0.30,0.30,37.1
2025-05-22T15:00,31.1,72,25.3,0.00,0.00,36.0
2025-05-22T16:00,30.1,79,26.1,0.00,0.00,34.9
2025-05-22T17:00,30.4,77,25.9,0.00,0.00,35.4
2025-05-22T18:00,29.3,81,25.8,0.00,0.00,35.3
2025-05-22T19:00,29.1,85,26.3,0.00,0.00,35.8
2025-05-22T20:00,29.1,88,27.0,0.00,0.00,36.8
2025-05-22T21:00,27.3,91,25.8,5.30,5.30,34.1
2025-05-22T22:00,27.4,92,26.0,1.80,1.80,33.8
2025-05-22T23:00,26.4,95,25.6,2.20,2.20,32.9
2025-05-23T00:00,26.5,94,25.5,0.10,0.10,32.8
2025-05-23T01:00,26.4,93,25.3,0.00,0.00,33.0
2025-05-23T02:00,26.5,92,25.1,0.00,0.00,33.2
2025-05-23T03:00,26.5,92,25.0,0.00,0.00,33.0
2025-05-23T04:00,26.5,93,25.3,0.00,0.00,32.9
2025-05-23T05:00,26.3,95,25.4,0.00,0.00,32.9
2025-05-23T06:00,26.5,93,25.3,0.50,0.50,32.6
2025-05-23T07:00,26.9,93,25.6,0.20,0.20,33.5
2025-05-23T08:00,27.5,90,25.8,0.10,0.10,34.3
2025-05-23T09:00,28.1,90,26.3,0.10,0.10,35.2
2025-05-23T10:00,29.4,85,26.7,0.00,0.00,36.9
2025-05-23T11:00,30.4,80,26.6,0.00,0.00,37.9
2025-05-23T12:00,31.3,77,26.7,0.00,0.00,38.8
2025-05-23T13:00,31.6,74,26.4,0.00,0.00,38.6
2025-05-23T14:00,31.9,73,26.3,0.00,0.00,39.0
2025-05-23T15:00,32.6,70,26.3,0.10,0.10,39.9
2025-05-23T16:00,32.0,76,27.2,0.00,0.00,38.5
2025-05-23T17:00,31.1,78,26.9,1.10,1.10,37.2
2025-05-23T18:00,29.3,84,26.2,0.00,0.00,36.3
2025-05-23T19:00,29.2,86,26.5,0.00,0.00,36.6
2025-05-23T20:00,29.2,85,26.4,0.00,0.00,36.3
2025-05-23T21:00,29.0,87,26.6,0.00,0.00,35.9
2025-05-23T22:00,29.0,89,27.0,0.00,0.00,36.7
2025-05-23T23:00,28.7,90,26.9,0.00,0.00,36.2
2025-05-24T00:00,28.5,91,26.8,0.00,0.00,35.9
2025-05-24T01:00,28.3,91,26.6,0.00,0.00,35.5
2025-05-24T02:00,28.1,90,26.4,0.00,0.00,35.0
2025-05-24T03:00,28.2,90,26.4,0.00,0.00,35.1
2025-05-24T04:00,28.1,92,26.7,0.00,0.00,34.9
2025-05-24T05:00,28.0,92,26.6,0.00,0.00,34.8
2025-05-24T06:00,26.6,90,24.8,0.20,0.20,32.1
2025-05-24T07:00,26.9,88,24.8,0.20,0.20,32.4
2025-05-24T08:00,27.5,84,24.6,0.00,0.00,32.2
2025-05-24T09:00,28.0,83,24.8,0.00,0.00,33.3
2025-05-24T10:00,29.1,80,25.2,0.00,0.00,34.9
2025-05-24T11:00,31.2,73,25.8,0.00,0.00,38.4
2025-05-24T12:00,31.2,74,26.0,0.00,0.00,37.6
2025-05-24T13:00,32.2,73,26.7,0.00,0.00,39.9
2025-05-24T14:00,32.0,72,26.3,0.00,0.00,38.7
2025-05-24T15:00,31.6,74,26.4,0.10,0.10,37.7
2025-05-24T16:00,31.0,78,26.7,0.00,0.00,37.3
2025-05-24T17:00,30.5,80,26.6,0.00,0.00,36.6
2025-05-24T18:00,29.9,83,26.6,0.10,0.10,36.8
2025-05-24T19:00,28.9,86,26.3,0.00,0.00,35.0
2025-05-24T20:00,28.6,84,25.7,0.00,0.00,34.9
2025-05-24T21:00,27.3,87,24.9,3.90,3.90,33.0
2025-05-24T22:00,25.8,93,24.6,3.10,3.10,30.8
2025-05-24T23:00,26.6,86,24.0,1.30,1.30,32.0
2025-05-25T00:00,26.7,87,24.4,0.10,0.10,32.5
2025-05-25T01:00,26.6,89,24.6,0.20,0.20,32.6
2025-05-25T02:00,26.8,90,25.1,0.00,0.00,32.7
2025-05-25T03:00,27.2,89,25.2,0.70,0.70,33.5
2025-05-25T04:00,27.1,92,25.6,0.00,0.00,33.5
2025-05-25T05:00,26.8,94,25.7,0.00,0.00,33.3
2025-05-25T06:00,25.7,96,25.0,0.60,0.60,30.8
2025-05-25T07:00,26.3,91,24.8,0.90,0.90,31.7
2025-05-25T08:00,24.4,97,23.9,2.70,2.70,29.5
2025-05-25T09:00,24.8,89,23.0,1.00,1.00,28.9
2025-05-25T10:00,24.1,94,23.1,3.80,3.80,28.3
2025-05-25T11:00,24.0,95,23.1,4.20,4.20,29.2
2025-05-25T12:00,24.2,97,23.7,7.60,7.60,29.1
2025-05-25T13:00,25.7,91,24.2,2.30,2.30,30.6
2025-05-25T14:00,27.8,86,25.2,0.10,0.10,34.6
2025-05-25T15:00,27.8,85,25.1,0.00,0.00,33.5
2025-05-25T16:00,27.9,88,25.8,0.20,0.20,34.5
2025-05-25T17:00,28.4,89,26.5,0.30,0.30,35.3
2025-05-25T18:00,27.1,90,25.3,2.00,2.00,33.7
2025-05-25T19:00,27.9,89,26.0,0.10,0.10,34.7
2025-05-25T20:00,28.6,88,26.4,0.10,0.10,34.6
2025-05-25T21:00,28.1,90,26.3,0.10,0.10,35.1
2025-05-25T22:00,27.7,93,26.4,0.10,0.10,35.3
2025-05-25T23:00,27.5,93,26.4,0.20,0.20,34.2
2025-05-26T00:00,25.5,98,25.1,1.80,1.80,30.1
2025-05-26T01:00,25.2,93,24.0,2.00,2.00,30.1
2025-05-26T02:00,26.1,95,25.3,3.80,3.80,31.1
2025-05-26T03:00,25.8,94,24.7,3.80,3.80,31.7
2025-05-26T04:00,25.8,95,25.0,2.20,2.20,30.5
2025-05-26T05:00,25.2,93,24.0,2.30,2.30,29.6
2025-05-26T06:00,27.9,91,26.4,2.80,2.80,33.3
2025-05-26T07:00,27.2,95,26.4,4.30,4.30,32.6
2025-05-26T08:00,26.1,95,25.2,9.10,9.10,29.9
2025-05-26T09:00,25.5,93,24.4,0.60,0.60,29.1
2025-05-26T10:00,26.0,91,24.4,0.80,0.80,30.4
2025-05-26T11:00,25.7,93,24.5,2.90,2.90,30.5
2025-05-26T12:00,25.8,93,24.5,2.20,2.20,30.0
2025-05-26T13:00,25.7,93,24.5,7.90,7.90,30.2
2025-05-26T14:00,25.3,94,24.3,1.90,1.90,30.8
2025-05-26T15:00,27.0,92,25.5,0.50,0.50,33.2
2025-05-26T16:00,27.7,92,26.3,0.50,0.50,34.5
2025-05-26T17:00,27.7,94,26.7,0.80,0.80,34.8
2025-05-26T18:00,27.2,91,25.6,0.30,0.30,33.0
2025-05-26T19:00,27.0,90,25.3,1.20,1.20,33.9
2025-05-26T20:00,26.6,95,25.6,2.10,2.10,33.3
2025-05-26T21:00,26.7,94,25.6,0.10,0.10,33.8
2025-05-26T22:00,26.7,94,25.7,0.00,0.00,33.4
2025-05-26T23:00,26.8,94,25.7,0.10,0.10,33.4
2025-05-27T00:00,26.8,94,25.8,0.20,0.20,33.5
2025-05-27T01:00,26.9,95,26.1,0.20,0.20,34.0
2025-05-27T02:00,26.4,97,25.9,0.30,0.30,33.3
2025-05-27T03:00,26.8,95,26.0,0.10,0.10,33.1
2025-05-27T04:00,26.5,97,25.9,0.20,0.20,33.1
2025-05-27T05:00,26.2,97,25.6,1.20,1.20,32.4
2025-05-27T06:00,25.7,97,25.2,0.60,0.60,31.8
2025-05-27T07:00,25.8,97,25.3,0.50,0.50,32.1
2025-05-27T08:00,26.1,97,25.6,0.60,0.60,32.7
2025-05-27T09:00,26.6,95,25.6,0.70,0.70,32.9
2025-05-27T10:00,27.1,92,25.6,0.60,0.60,33.5
2025-05-27T11:00,27.8,88,25.7,0.30,0.30,34.6
2025-05-27T12:00,29.1,81,25.6,0.20,0.20,36.1
2025-05-27T13:00,29.8,77,25.4,0.00,0.00,36.1
2025-05-27T14:00,29.9,75,25.0,0.00,0.00,35.4
2025-05-27T15:00,29.9,76,25.2,0.10,0.10,35.0
2025-05-27T16:00,29.3,80,25.5,3.00,3.00,34.5
2025-05-27T17:00,29.2,83,25.9,0.20,0.20,35.1
2025-05-27T18:00,27.2,90,25.4,0.10,0.10,33.7
2025-05-27T19:00,27.2,89,25.2,0.00,0.00,33.2
2025-05-27T20:00,27.2,88,25.1,0.00,0.00,33.2
2025-05-27T21:00,27.2,88,25.1,0.00,0.00,33.0
2025-05-27T22:00,27.2,89,25.2,0.00,0.00,33.1
2025-05-27T23:00,27.1,90,25.3,0.00,0.00,32.9
2025-05-28T00:00,26.4,93,25.1,0.90,0.90,32.3
2025-05-28T01:00,26.0,95,25.1,2.30,2.30,32.1
2025-05-28T02:00,26.1,95,25.3,3.90,3.90,32.2
2025-05-28T03:00,26.3,95,25.4,0.60,0.60,32.8
2025-05-28T04:00,26.2,96,25.5,0.40,0.40,32.5
2025-05-28T05:00,26.1,97,25.5,0.40,0.40,32.4
2025-05-28T06:00,26.4,94,25.3,0.10,0.10,32.5
2025-05-28T07:00,27.1,91,25.5,0.20,0.20,33.4
2025-05-28T08:00,27.3,90,25.6,0.20,0.20,33.5
2025-05-28T09:00,26.9,92,25.6,0.90,0.90,32.7
2025-05-28T10:00,27.5,86,25.0,0.10,0.10,32.8
2025-05-28T11:00,27.5,86,24.9,0.00,0.00,32.4
2025-05-28T12:00,27.8,86,25.2,0.00,0.00,32.9
2025-05-28T13:00,27.6,87,25.3,0.00,0.00,32.6
2025-05-28T14:00,27.9,86,25.3,0.00,0.00,33.0
2025-05-28T15:00,27.8,86,25.3,0.30,0.30,33.4
2025-05-28T16:00,27.9,85,25.2,0.30,0.30,33.1
2025-05-28T17:00,27.7,84,24.8,0.10,0.10,32.8
2025-05-28T18:00,26.9,86,24.3,0.70,0.70,32.4
2025-05-28T19:00,26.9,90,25.0,0.00,0.00,32.6
2025-05-28T20:00,27.1,91,25.5,0.10,0.10,33.6
2025-05-28T21:00,27.2,91,25.6,0.00,0.00,33.4
2025-05-28T22:00,27.3,92,25.8,0.00,0.00,33.3
2025-05-28T23:00,27.5,91,25.9,0.00,0.00,33.8
2025-05-29T00:00,27.2,93,25.9,0.10,0.10,33.8
2025-05-29T01:00,26.7,95,25.9,0.20,0.20,33.6
2025-05-29T02:00,26.7,97,26.2,0.20,0.20,33.2
2025-05-29T03:00,26.8,97,26.2,0.10,0.10,33.5
2025-05-29T04:00,26.7,96,26.1,0.10,0.10,33.8
2025-05-29T05:00,26.8,95,26.0,0.20,0.20,34.1
2025-05-29T06:00,27.5,93,26.2,0.10,0.10,34.8
2025-05-29T07:00,27.8,94,26.7,0.00,0.00,35.3
2025-05-29T08:00,28.7,89,26.6,0.10,0.10,36.1
2025-05-29T09:00,30.2,78,25.9,0.20,0.20,36.0
2025-05-29T10:00,31.1,76,26.4,0.20,0.20,37.6
2025-05-29T11:00,31.4,74,26.3,0.00,0.00,38.4
2025-05-29T12:00,31.5,74,26.3,0.10,0.10,38.7
2025-05-29T13:00,31.4,74,26.1,0.20,0.20,38.4
2025-05-29T14:00,31.3,74,26.2,0.40,0.40,37.7
2025-05-29T15:00,30.4,79,26.4,1.00,1.00,35.9
2025-05-29T16:00,30.2,78,26.0,1.00,1.00,35.0
2025-05-29T17:00,30.2,79,26.1,0.70,0.70,35.2
2025-05-29T18:00,29.3,86,26.7,0.70,0.70,35.5
2025-05-29T19:00,29.3,84,26.4,0.00,0.00,35.4
2025-05-29T20:00,29.2,84,26.2,0.00,0.00,34.8
2025-05-29T21:00,29.0,85,26.2,0.00,0.00,34.7
2025-05-29T22:00,28.7,88,26.4,0.00,0.00,34.6
2025-05-29T23:00,28.3,91,26.6,0.00,0.00,34.4
2025-05-30T00:00,28.3,90,26.6,0.10,0.10,34.1
2025-05-30T01:00,28.5,89,26.5,0.10,0.10,33.8
2025-05-30T02:00,28.4,89,26.4,0.00,0.00,33.6
2025-05-30T03:00,28.6,86,26.1,0.00,0.00,33.8
2025-05-30T04:00,28.6,85,25.7,0.00,0.00,33.6
2025-05-30T05:00,28.6,85,25.7,0.10,0.10,33.5
2025-05-30T06:00,29.1,81,25.5,0.00,0.00,34.4
2025-05-30T07:00,29.6,78,25.3,0.00,0.00,34.7
2025-05-30T08:00,30.3,71,24.5,0.00,0.00,34.6
2025-05-30T09:00,30.8,68,24.3,0.00,0.00,34.9
2025-05-30T10:00,31.2,67,24.5,0.10,0.10,36.1
2025-05-30T11:00,31.1,70,25.1,0.40,0.40,36.2
2025-05-30T12:00,31.4,70,25.2,0.30,0.30,37.2
2025-05-30T13:00,31.6,69,25.1,0.10,0.10,37.6
2025-05-30T14:00,31.3,70,25.1,0.00,0.00,36.8
2025-05-30T15:00,30.8,71,24.9,0.20,0.20,35.2
2025-05-30T16:00,30.8,70,24.7,0.20,0.20,34.7
2025-05-30T17:00,30.3,72,24.8,0.10,0.10,34.3
2025-05-30T18:00,29.7,79,25.7,0.00,0.00,34.9
2025-05-30T19:00,29.2,81,25.7,0.10,0.10,34.4
2025-05-30T20:00,29.3,80,25.5,0.00,0.00,34.2
2025-05-30T21:00,29.0,82,25.6,0.00,0.00,33.9
2025-05-30T22:00,28.8,83,25.6,0.00,0.00,33.8
2025-05-30T23:00,29.0,83,25.7,0.00,0.00,34.0
2025-05-31T00:00,28.9,82,25.5,0.00,0.00,33.9
2025-05-31T01:00,28.6,83,25.5,0.00,0.00,33.6
2025-05-31T02:00,27.6,90,25.8,0.30,0.30,32.9
2025-05-31T03:00,28.1,87,25.7,0.30,0.30,33.4
2025-05-31T04:00,28.3,84,25.3,0.10,0.10,33.4
2025-05-31T05:00,28.1,84,25.1,0.20,0.20,33.0
2025-05-31T06:00,28.0,88,25.8,0.10,0.10,32.7
2025-05-31T07:00,28.5,84,25.6,0.20,0.20,33.9
2025-05-31T08:00,29.7,78,25.4,0.10,0.10,34.6
2025-05-31T09:00,30.2,74,25.1,0.10,0.10,34.5
2025-05-31T10:00,29.5,79,25.6,0.80,0.80,33.8
2025-05-31T11:00,30.1,78,25.9,0.50,0.50,35.8
2025-05-31T12:00,30.7,75,25.8,0.40,0.40,36.9
2025-05-31T13:00,31.2,71,25.4,0.10,0.10,37.2
2025-05-31T14:00,31.0,71,25.2,0.10,0.10,36.6
2025-05-31T15:00,30.9,71,25.0,0.10,0.10,35.6
2025-05-31T16:00,30.5,72,24.9,0.00,0.00,34.8
2025-05-31T17:00,30.0,74,24.8,0.00,0.00,34.6
2025-05-31T18:00,29.8,77,25.4,0.00,0.00,35.1
2025-05-31T19:00,29.1,80,25.3,0.00,0.00,34.3
2025-05-31T20:00,28.8,82,25.4,0.00,0.00,34.2
2025-05-31T21:00,28.7,83,25.4,0.00,0.00,33.9
2025-05-31T22:00,28.6,83,25.4,0.00,0.00,33.8
2025-05-31T23:00,28.2,84,25.2,0.10,0.10,33.2
2025-06-01T00:00,27.0,89,25.1,0.00,0.00,32.1
2025-06-01T01:00,26.7,90,25.0,0.10,0.10,31.3
2025-06-01T02:00,26.9,88,24.7,0.10,0.10,31.2
2025-06-01T03:00,26.6,89,24.5,0.10,0.10,31.2
2025-06-01T04:00,25.8,92,24.4,0.40,0.40,30.3
2025-06-01T05:00,26.0,92,24.6,0.30,0.30,30.3
2025-06-01T06:00,26.9,90,25.2,0.30,0.30,32.3
2025-06-01T07:00,27.2,86,24.6,0.60,0.60,31.8
2025-06-01T08:00,27.1,84,24.1,0.40,0.40,31.7
2025-06-01T09:00,27.5,83,24.4,0.60,0.60,31.7
2025-06-01T10:00,27.0,83,23.9,0.90,0.90,30.4
2025-06-01T11:00,27.3,83,24.1,0.20,0.20,31.2
2025-06-01T12:00,29.0,77,24.7,0.00,0.00,34.2
2025-06-01T13:00,28.7,81,25.1,0.00,0.00,34.5
2025-06-01T14:00,29.0,79,25.0,0.00,0.00,34.2
2025-06-01T15:00,29.0,79,24.9,0.00,0.00,33.1
2025-06-01T16:00,29.3,77,24.8,0.00,0.00,33.5
2025-06-01T17:00,28.6,79,24.5,0.10,0.10,32.4
2025-06-01T18:00,26.0,87,23.6,4.00,4.00,31.1
2025-06-01T19:00,26.7,89,24.7,1.40,1.40,31.9
2025-06-01T20:00,27.4,87,25.0,0.10,0.10,32.8
2025-06-01T21:00,27.6,86,25.0,0.00,0.00,33.1
2025-06-01T22:00,27.4,83,24.3,0.40,0.40,32.7
2025-06-01T23:00,26.9,85,24.1,1.10,1.10,32.0
2025-06-02T00:00,26.2,91,24.6,0.40,0.40,31.4
2025-06-02T01:00,25.7,94,24.7,0.10,0.10,30.9
2025-06-02T02:00,25.8,93,24.5,0.20,0.20,30.6
2025-06-02T03:00,25.8,91,24.2,0.20,0.20,30.2
2025-06-02T04:00,26.0,90,24.1,0.20,0.20,30.2
2025-06-02T05:00,26.1,90,24.3,0.20,0.20,30.7
2025-06-02T06:00,26.1,92,24.7,1.40,1.40,31.4
2025-06-02T07:00,26.9,88,24.7,0.10,0.10,32.0
2025-06-02T08:00,27.5,85,24.7,0.00,0.00,32.4
2025-06-02T09:00,29.2,77,24.8,0.50,0.50,33.8
2025-06-02T10:00,30.5,70,24.4,0.60,0.60,35.0
2025-06-02T11:00,30.8,69,24.4,0.10,0.10,35.7
2025-06-02T12:00,30.7,69,24.5,0.10,0.10,36.0
2025-06-02T13:00,30.7,69,24.4,0.20,0.20,35.6
2025-06-02T14:00,30.5,70,24.3,0.50,0.50,35.0
2025-06-02T15:00,29.7,73,24.2,1.20,1.20,33.1
2025-06-02T16:00,29.4,75,24.5,0.40,0.40,33.1
2025-06-02T17:00,29.1,77,24.8,0.30,0.30,33.3
2025-06-02T18:00,28.1,84,25.2,0.50,0.50,32.7
2025-06-02T19:00,27.8,87,25.3,0.10,0.10,32.9
2025-06-02T20:00,26.6,90,24.8,0.90,0.90,31.2
2025-06-02T21:00,27.2,89,25.3,0.10,0.10,32.2
2025-06-02T22:00,27.0,88,24.9,0.30,0.30,31.3
2025-06-02T23:00,25.9,91,24.3,0.20,0.20,30.2
2025-06-03T00:00,26.1,91,24.5,0.40,0.40,30.5
2025-06-03T01:00,26.3,89,24.4,0.10,0.10,30.4
2025-06-03T02:00,26.7,86,24.3,0.20,0.20,31.1
2025-06-03T03:00,26.6,88,24.5,0.30,0.30,31.0
2025-06-03T04:00,26.2,89,24.2,0.10,0.10,29.4
2025-06-03T05:00,26.1,88,24.0,0.10,0.10,29.6
2025-06-03T06:00,26.0,91,24.4,1.30,1.30,30.3
2025-06-03T07:00,27.0,88,24.8,0.60,0.60,32.1
2025-06-03T08:00,27.3,86,24.7,0.10,0.10,31.5
2025-06-03T09:00,27.2,86,24.6,0.50,0.50,31.2
2025-06-03T10:00,28.6,79,24.6,0.00,0.00,33.0
2025-06-03T11:00,29.6,75,24.7,0.30,0.30,34.8
2025-06-03T12:00,29.9,74,24.7,0.80,0.80,34.9
2025-06-03T13:00,30.0,75,25.0,0.90,0.90,35.6
2025-06-03T14:00,30.3,72,24.6,1.00,1.00,35.0
2025-06-03T15:00,29.1,73,23.9,1.00,1.00,33.1
2025-06-03T16:00,28.3,81,24.8,0.40,0.40,33.1
2025-06-03T17:00,28.9,78,24.7,0.40,0.40,33.4
2025-06-03T18:00,29.4,82,25.9,0.40,0.40,35.5
2025-06-03T19:00,26.5,88,24.3,1.90,1.90,30.6
2025-06-03T20:00,27.0,90,25.2,0.30,0.30,32.1
2025-06-03T21:00,26.0,91,24.4,0.70,0.70,31.8
2025-06-03T22:00,25.5,92,24.0,0.70,0.70,30.1
2025-06-03T23:00,25.9,92,24.5,0.30,0.30,30.7
2025-06-04T00:00,25.6,93,24.3,0.10,0.10,29.9
2025-06-04T01:00,25.4,93,24.2,0.20,0.20,30.3
2025-06-04T02:00,25.0,94,24.0,0.10,0.10,29.2
2025-06-04T03:00,24.5,95,23.7,0.10,0.10,28.5
2025-06-04T04:00,24.4,95,23.5,0.40,0.40,28.7
2025-06-04T05:00,24.7,91,23.2,0.30,0.30,28.5
2025-06-04T06:00,25.1,92,23.7,1.20,1.20,29.9
2025-06-04T07:00,26.3,90,24.5,0.00,0.00,31.7
2025-06-04T08:00,26.4,86,23.9,0.70,0.70,30.8
2025-06-04T09:00,27.6,82,24.2,0.10,0.10,32.1
2025-06-04T10:00,28.6,77,24.2,0.00,0.00,33.3
2025-06-04T11:00,29.0,78,24.9,0.10,0.10,35.2
2025-06-04T12:00,29.4,78,25.1,0.00,0.00,35.7
2025-06-04T13:00,29.1,78,24.9,0.00,0.00,35.4
2025-06-04T14:00,28.7,75,23.9,0.90,0.90,34.4
2025-06-04T15:00,29.2,80,25.3,0.10,0.10,35.6
2025-06-04T16:00,29.2,79,25.2,0.00,0.00,34.6
2025-06-04T17:00,28.8,80,24.9,0.20,0.20,34.1
2025-06-04T18:00,28.3,75,23.6,0.00,0.00,33.5
2025-06-04T19:00,27.5,82,24.1,0.00,0.00,33.1
2025-06-04T20:00,27.1,83,24.0,0.00,0.00,32.6
2025-06-04T21:00,27.0,82,23.8,0.00,0.00,32.4
2025-06-04T22:00,26.9,84,23.9,0.00,0.00,32.1
2025-06-04T23:00,26.4,89,24.3,0.00,0.00,32.2
2025-06-05T00:00,26.5,89,24.5,0.00,0.00,32.3
2025-06-05T01:00,26.2,90,24.5,0.00,0.00,32.1
2025-06-05T02:00,26.1,91,24.4,0.00,0.00,31.8
2025-06-05T03:00,25.1,92,23.7,0.50,0.50,30.8
2025-06-05T04:00,25.0,92,23.6,0.10,0.10,29.7
2025-06-05T05:00,24.8,94,23.7,0.00,0.00,29.5
2025-06-05T06:00,25.5,90,23.6,0.00,0.00,30.2
2025-06-05T07:00,26.3,87,23.9,0.00,0.00,31.4
2025-06-05T08:00,27.7,83,24.5,0.00,0.00,33.3
2025-06-05T09:00,28.6,80,24.7,0.00,0.00,34.2
2025-06-05T10:00,29.5,77,25.0,0.00,0.00,35.7
2025-06-05T11:00,29.7,77,25.2,0.00,0.00,35.8
2025-06-05T12:00,30.0,77,25.5,0.00,0.00,36.6
2025-06-05T13:00,30.3,75,25.4,0.00,0.00,37.6
2025-06-05T14:00,30.1,75,25.1,0.00,0.00,37.1
2025-06-05T15:00,30.2,72,24.7,0.10,0.10,35.6
2025-06-05T16:00,29.5,74,24.4,0.70,0.70,34.9
2025-06-05T17:00,29.7,73,24.2,0.20,0.20,35.1
2025-06-05T18:00,29.3,77,24.8,0.00,0.00,35.6
2025-06-05T19:00,29.0,80,25.3,0.00,0.00,35.7
2025-06-05T20:00,28.4,84,25.5,0.00,0.00,35.1
2025-06-05T21:00,27.9,87,25.6,0.00,0.00,34.7
2025-06-05T22:00,27.8,88,25.6,0.00,0.00,34.6
2025-06-05T23:00,27.7,88,25.5,0.00,0.00,34.4
2025-06-06T00:00,27.4,90,25.6,0.00,0.00,34.1
2025-06-06T01:00,27.2,91,25.6,0.00,0.00,34.2
2025-06-06T02:00,27.1,91,25.5,0.00,0.00,34.1
2025-06-06T03:00,26.9,92,25.4,0.00,0.00,33.8
2025-06-06T04:00,26.7,92,25.2,0.00,0.00,33.5
2025-06-06T05:00,26.6,92,25.2,0.00,0.00,33.3
2025-06-06T06:00,27.6,89,25.7,0.00,0.00,34.3
2025-06-06T07:00,27.6,82,24.3,2.30,2.30,33.5
2025-06-06T08:00,28.2,80,24.5,0.00,0.00,33.6
2025-06-06T09:00,28.5,80,24.7,0.30,0.30,34.1
2025-06-06T10:00,29.3,79,25.3,0.10,0.10,36.0
2025-06-06T11:00,30.0,78,25.7,0.10,0.10,37.8
2025-06-06T12:00,30.3,76,25.5,0.10,0.10,38.3
2025-06-06T13:00,30.3,74,25.2,0.10,0.10,37.8
2025-06-06T14:00,30.1,73,24.8,0.10,0.10,36.4
2025-06-06T15:00,30.2,72,24.7,0.10,0.10,36.3
2025-06-06T16:00,29.3,76,24.7,0.70,0.70,34.8
2025-06-06T17:00,28.9,79,24.8,0.00,0.00,34.4
2025-06-06T18:00,29.4,75,24.6,0.40,0.40,34.6
2025-06-06T19:00,28.5,82,25.2,0.40,0.40,34.7
2025-06-06T20:00,28.4,85,25.6,0.00,0.00,34.9
2025-06-06T21:00,28.2,87,25.9,0.00,0.00,35.2
2025-06-06T22:00,28.2,88,25.9,0.00,0.00,35.3
2025-06-06T23:00,27.8,90,26.0,0.00,0.00,35.1
